token0_symbol,token0_name,token1_symbol,token1_name,token0_address,token1_address,Pair_address,time,token0_reserves,token1_reserves,status
WAVAX,WAVAX,HCI,Hachi Diamond,0xB31f66AA3C1e785363F0875A1B74E27b85FD66c7,0x56CAd4a07a19d8B9127361A66232dfEb0a03B65b,0x7AA777538b22c32988c470C099F299d35f3B4Dbb,Sat Mar  5 16:27:29 2022,815.0735591,70000.0,0
KUSH,KUSH,MIM,Magic Internet Money,0xe62ce3224Dd45e2D166B46040e686D0B9CFbFDAb,0x130966628846BFd36ff31a822705796e8cb8C18D,0xDEd8EDeda913E2e9f4f83d24E5f92916c7964Cbb,Sat Mar  5 18:39:31 2022,63.34824958,663.7522712,0
WAVAX,WAVAX,CHRO,CHRO,0xB31f66AA3C1e785363F0875A1B74E27b85FD66c7,0xe18AF4897e0fA706Ca65ffEFef24e5F8eE1D1CEA,0xD08BB59A376810643DF3D46B159aB469309C0aDb,Sat Mar  5 20:23:57 2022,0.0,0.0,0
WAVAX,WAVAX,GHST,Ghost NET,0xB31f66AA3C1e785363F0875A1B74E27b85FD66c7,0x70d1Fdff718C9795bde6d971De884AC7Cca83BC6,0x9E26e02ACD11e062AB1Db9fbb649B169B9BC0cE9,Sat Mar  5 20:47:25 2022,808.0554488,400000.0,0
WAVAX,WAVAX,PNPL,Pineapple Fund,0xB31f66AA3C1e785363F0875A1B74E27b85FD66c7,0xA24330A694768E3a8AE23ceA20Cbe700Cef6bd23,0xD10cf11f4Fb00db3314b4f46Dd5a43918E5b3f77,Sat Mar  5 21:26:55 2022,807.8817666,70000.0,0
WAVAX,WAVAX,GRS,GREASE,0xB31f66AA3C1e785363F0875A1B74E27b85FD66c7,0xc3581D4727f674B8280D04E5615CBf3F06a58CEB,0x2b00b5405428E81C743c0E667cb3aa93b997Cd45,Sat Mar  5 22:27:46 2022,70.0,1.0,0
WAVAX,WAVAX,ELNP,Elon Project,0xB31f66AA3C1e785363F0875A1B74E27b85FD66c7,0x40a74F556725063DCA2bA0cB5A4372bc925070B0,0x4C6663Ce85e6F68C9399Dc03dF22afa8b70Dc717,Sat Mar  5 22:29:40 2022,808.2932919,600.0,0
WAVAX,WAVAX,EVBB,EVERBURNBACK,0xB31f66AA3C1e785363F0875A1B74E27b85FD66c7,0x6a6feb0E8ED981D12435Bc4Cc9a6b7bFF52A4A62,0x5AC69c2708Fe2D2a952D498c84e2f97069D48D7e,Sat Mar  5 22:52:46 2022,0.0,0.0,0
WAVAX,WAVAX,BERRY,BerryFund,0xB31f66AA3C1e785363F0875A1B74E27b85FD66c7,0x3061a551DBf7D621AE21070B6C52e19a33533d58,0x65eD597D5b527F17ae9fD95c963C7718a5380684,Sat Mar  5 23:27:50 2022,0.0,0.0,0
WAVAX,WAVAX,APE,Treasure Ape,0xB31f66AA3C1e785363F0875A1B74E27b85FD66c7,0xbb4C0a5967AC38E2972E4B9130177b1aF6dDfcef,0xF1f2a012317B4e903b80402BA82e7E221468C65C,Sat Mar  5 23:28:55 2022,807.2140747,70000.0,0
WAVAX,WAVAX,BSHARE,BerrySHARE,0xB31f66AA3C1e785363F0875A1B74E27b85FD66c7,0x60e532dbBd1a72d722D63edDAA6c598f27383e54,0x541C036549A643014712A5154067cB0dd2508C95,Sat Mar  5 23:45:07 2022,0.0,0.0,0
WAVAX,WAVAX,FLY,NO FLY ZONE,0xB31f66AA3C1e785363F0875A1B74E27b85FD66c7,0xe6a800945310606dE25fFEf83dA5C6e271963189,0xd59d5772B56d9094E90270FAC49104a343bcEF79,Sat Mar  5 23:46:28 2022,200.0,0.0002,0
WAVAX,WAVAX,HPT,HighPoint Finance,0xB31f66AA3C1e785363F0875A1B74E27b85FD66c7,0x1946550eC275Cf60459CfD133d36929469e5cd84,0xd780fb5132bE4736Ba738dCA6e2fe3520dc17F0E,Sun Mar  6 00:23:34 2022,0.0,0.0,0
WAVAX,WAVAX,ELN,Elon Rise,0xB31f66AA3C1e785363F0875A1B74E27b85FD66c7,0x478867a976ec0cbaD24efd5B8aB20313C9628C28,0x54efF834F18b34b605fa2c718Bb56c89635c6726,Sun Mar  6 00:26:43 2022,817.7452192,600.0,0
WAVAX,WAVAX,FANG,Fantasy Angel,0xB31f66AA3C1e785363F0875A1B74E27b85FD66c7,0x70CF379e3218c22225b4fc012D593e5A0e71baA1,0x7fA5562a08b29EFDDcC56f08BbeD1B0CC3543858,Sun Mar  6 09:29:06 2022,817.1669756,70000.0,0
WAVAX,WAVAX,ACME,ACME Avalanche,0xB31f66AA3C1e785363F0875A1B74E27b85FD66c7,0xD0c893034fc04f603B1d71b00A39923342d312f4,0xC9e58f8BFf926d5883251935FA58aeb9585884b0,Sun Mar  6 09:45:05 2022,0.0,0.0,0
WAVAX,WAVAX,PAN,Panda Queen,0xB31f66AA3C1e785363F0875A1B74E27b85FD66c7,0xbeF904955F86ab2A7941483d5aCe3AAE0658E6c3,0xA50464A9d1639c61d1aa797b0470871e26e25E12,Sun Mar  6 10:26:29 2022,817.0517289,60000.0,0
WAVAX,WAVAX,$MFM,MiniFoxyMoon,0xB31f66AA3C1e785363F0875A1B74E27b85FD66c7,0xf578E5e021e74D43224590800dC45c449180Da6B,0x33967915a971dE423ee8668A5C89CC52fe00e00A,Sun Mar  6 11:45:44 2022,0.0,0.0,0
WAVAX,WAVAX,FOXYMOON,MiniFoxyMoon,0xB31f66AA3C1e785363F0875A1B74E27b85FD66c7,0x41aaC63564c5a6fab58518D0cB1fD7de5f3fe739,0x7B21891FB1EC2ac2381c9ae3768164B4B2B11DC0,Sun Mar  6 11:46:15 2022,30.0,1000000000000000.0,0
WAVAX,WAVAX,FAKEXAVA,FAKEXAVA,0xB31f66AA3C1e785363F0875A1B74E27b85FD66c7,0xfBD2945D3601f21540DDD85c29C5C3CaF108B96F,0x0317810107385A1A51eBE0E8e272463710D3Cc43,Sun Mar  6 12:07:20 2022,0.0,0.0,0
WAVAX,WAVAX,FAKESNOWY,FAKESNOWY,0xB31f66AA3C1e785363F0875A1B74E27b85FD66c7,0xaa621D2002b5a6275EF62d7a065A865167914801,0x0Da7c1e924cd781b9b330C2E2e8088dad7B8d9C6,Sun Mar  6 12:09:14 2022,0.0,0.0,0
WAVAX,WAVAX,GLAD,Glad Token,0xB31f66AA3C1e785363F0875A1B74E27b85FD66c7,0xCd8dfB0A29b10624362E380FFbEB051d87006846,0xfC1895A3053C9Bc83746108e193Cf21b3334B8a3,Sun Mar  6 12:12:38 2022,0.0,0.0,0
WAVAX,WAVAX,TEST,TEST,0xB31f66AA3C1e785363F0875A1B74E27b85FD66c7,0xe53041a7A5D27c168Cb253B80B4749216F2e0AE7,0xA028AdBb44E58228591D0143ef79A4b55D0B9023,Sun Mar  6 12:13:05 2022,0.0,0.0,0
WAVAX,WAVAX,GLADSHARE,GLADSHARE,0xB31f66AA3C1e785363F0875A1B74E27b85FD66c7,0xcF2A2A5C47595E1f78C7e314A590D0d5895FF952,0xbD0Fe347c4F74689566dE5831231607956Bc8DB4,Sun Mar  6 12:21:33 2022,0.0,0.0,0
WAVAX,WAVAX,HOTDOG,HotDog,0xB31f66AA3C1e785363F0875A1B74E27b85FD66c7,0xC0D35EB11Ef1e191d6c661808F579572Dc14cD5D,0x7dc44F769825cA41EE45210A68E6d0D80d2636e2,Sun Mar  6 12:45:26 2022,300.0000006,20020020.04,0
WAVAX,WAVAX,VEGETA,Vegeta Inu,0xB31f66AA3C1e785363F0875A1B74E27b85FD66c7,0xBFdeD855b3A5e8940A240254338A55E72d844F31,0xC435b00657296eA0FEDcad9C21718C3846a65724,Sun Mar  6 13:09:08 2022,0.0,0.0,0
WAVAX,WAVAX,GTHA,Glitch AVAX,0xB31f66AA3C1e785363F0875A1B74E27b85FD66c7,0x6C233EFE3ec911E656CbCe5B376e0B8866e3e778,0x92B891A167C984b1A450026dc0D3B46A36833F1f,Sun Mar  6 13:29:07 2022,818.6384535,8000000.0,0
WAVAX,WAVAX,SHOP,Shopify MetaMall,0xB31f66AA3C1e785363F0875A1B74E27b85FD66c7,0xAabC158E981De006cf5edCB462B15CAB20D756f7,0x2D16E712B4409e24D5De547597511eD35879FBB1,Sun Mar  6 13:48:44 2022,500.0,0.005,0
WAVAX,WAVAX,FLUFFAVAX,FLUFFAVAX,0xB31f66AA3C1e785363F0875A1B74E27b85FD66c7,0x1074BB6642061b61aC66518E1AD2578f8885eDb7,0x976b174A16fEb792b52246424C8AAAF95068385C,Sun Mar  6 14:19:16 2022,0.0,0.0,0
WAVAX,WAVAX,TTSHARE,TTSHARE,0xB31f66AA3C1e785363F0875A1B74E27b85FD66c7,0xdfF4266c635896aC7475e369255dacC90cBedce7,0x8DbE43431dBa7CB06ecCFC13d32f7B35406a464f,Sun Mar  6 14:43:11 2022,0.0,0.0,0
WAVAX,WAVAX,QUAL,qual.finance,0xB31f66AA3C1e785363F0875A1B74E27b85FD66c7,0x5534B81891632B783A5576bF0F3e2B0fB9A041c2,0x2B5899f1F3bE1b57cBf9E21D5fA3043a555cAB0B,Sun Mar  6 14:45:20 2022,0.0,0.0,0
WAVAX,WAVAX,VOLT,Fuse Nodes,0xB31f66AA3C1e785363F0875A1B74E27b85FD66c7,0x9E8Bd057167fF3c4C2c9f3E516e3a27e4dd6AF81,0xdAe4929c819c24491a816bFDD48E26a9915A68d2,Sun Mar  6 14:51:42 2022,137.0,42.0,0
WAVAX,WAVAX,APEKING,ApeKingdom.com,0xB31f66AA3C1e785363F0875A1B74E27b85FD66c7,0xC5DB99ed22AdB46a07dce8a4161E33F78ae2466E,0xe8D492062574eD681b22cd6C13E0bE93A8f50c84,Sun Mar  6 14:53:58 2022,0.0,0.0,0
WAVAX,WAVAX,XOMB,XOMB Token,0xB31f66AA3C1e785363F0875A1B74E27b85FD66c7,0xcB221FF1798119898D9776505ef6B099B062a149,0xb93B8AA449024aa909b3792B3705943FBDD86e95,Sun Mar  6 14:55:28 2022,0.0,0.0,0
WAVAX,WAVAX,XSHARES,XSHARE Token,0xB31f66AA3C1e785363F0875A1B74E27b85FD66c7,0x8636880287a433bB74023EFaE43D17f55891C5bC,0xBD6246f0D2517e7d10CbB7d8D9d3B2C3223CFB8f,Sun Mar  6 14:59:16 2022,0.0,0.0,0
WAVAX,WAVAX,RING,LOTR Dao,0xB31f66AA3C1e785363F0875A1B74E27b85FD66c7,0xDA68EFd31ad6dbA4F062011aBdF327e1D2F105DA,0x929b77EF5F1b63aB1A71e720297332F23ef0E396,Mon Mar  7 23:46:30 2022,170.5362484,8.8e-10,0
WAVAX,WAVAX,PAPER,Paper,0xB31f66AA3C1e785363F0875A1B74E27b85FD66c7,0xBf865A765739D05A0Ef286c823BF49f0D3a7150E,0x07bD3Efad73dd4Fc73D1305d4B79Af2CDBa940CF,Mon Mar  7 23:52:46 2022,357.4487084,4225.059753,0
WAVAX,WAVAX,CUPID,CupidAVAX,0xB31f66AA3C1e785363F0875A1B74E27b85FD66c7,0x94958005675535534f958e8E90D6321772035f3E,0xc473E393582D69fC7E232EbA5C35b74B0A0A6121,Mon Mar  7 23:55:35 2022,0.0,0.0,0
WAVAX,WAVAX,WHALE,Whale BTC,0xB31f66AA3C1e785363F0875A1B74E27b85FD66c7,0x4be6575A69124C117eFb0B9B89185Cd757CA8001,0xeE270a781b37d44EF96b23F16082F9FB64e3041D,Mon Mar  7 23:57:40 2022,0.0,0.0,0
WAVAX,WAVAX,SHB,Queen Shiba,0xB31f66AA3C1e785363F0875A1B74E27b85FD66c7,0x7185C7750F0ABDE50E0abF3d4Fb5f2Edf23B1015,0x6fc5Defa977eE7d5dAa4D41607721De8C23e90b6,Mon Mar  7 23:59:26 2022,0.0,0.0,0
WAVAX,WAVAX,Emerald,EmeraldNodes,0xB31f66AA3C1e785363F0875A1B74E27b85FD66c7,0x5E83B78B2F0239f8Eb3DBF5d245965D0D6268422,0x6cC49a43c4f3d6636dc09E497E4b6A3B7c268F3C,Tue Mar  8 00:15:20 2022,0.0,0.0,0
WAVAX,WAVAX,CDS,Crypto Development Services,0xB31f66AA3C1e785363F0875A1B74E27b85FD66c7,0x23f07a1C03e7C6D0C88e0E05E79B6E3511073fD5,0xc701C0Bb7044E7be1950ECfCc610b8936B32B549,Tue Mar  8 00:31:55 2022,0.0,0.0,0
WAVAX,WAVAX,MCHAIN,MultiChain Bridge,0xB31f66AA3C1e785363F0875A1B74E27b85FD66c7,0xA1a64F57bC64baD64a9655d191Ad8397df9b5dcC,0x0aeDF52698E21c33fBd8D92c958046Bd97Df52F0,Tue Mar  8 00:35:16 2022,625.5966395,1e-05,0
WAVAX,WAVAX,WANG,Wrapped Angel,0xB31f66AA3C1e785363F0875A1B74E27b85FD66c7,0x7d66444E33Ab4308fd9329F51CB4740FcBFB2Df6,0x6aB9C54B225e8C52A8679EBfaf8465e5A8bAA2b3,Tue Mar  8 00:35:49 2022,0.0,0.0,0
WAVAX,WAVAX,ANG,Angel Token,0xB31f66AA3C1e785363F0875A1B74E27b85FD66c7,0xd206Bfe127e1f77af88213fA7f2484A2DEe5d665,0x89Fd0B5ef96d92B24b473e365312Ce82a6Cc99A8,Tue Mar  8 00:39:06 2022,0.0,0.0,0
WAVAX,WAVAX,MARS,Mars Beast,0xB31f66AA3C1e785363F0875A1B74E27b85FD66c7,0xeff502356aD9c22aa05F804bd64DBc717dF09803,0xBCc86D643A57d5138EA16533b303eacD4eF6c964,Tue Mar  8 00:46:58 2022,0.0,0.0,0
WAVAX,WAVAX,THN,Crypto Thunder,0xB31f66AA3C1e785363F0875A1B74E27b85FD66c7,0xc0d2dA43f479B7aAB4D816Cd533731599Be97c16,0x9486B8218501978f77db0d1aaB0035Eee0b15Be0,Tue Mar  8 00:55:15 2022,0.0,0.0,0
FOX,FOX,SNO Token,SNO,0xFFffFfFf68A2e13F7B68d2E190E37D804E02E0ad,0x1fE4869f2C5181b9CD780a7E16194FA2c4C4293D,0x0DFE8f068c7dC9b9f9029f31825bBeED8cAC5f72,Tue Mar  8 01:04:26 2022,0.0,0.0,0
SNOSHARES Token,SNOSHARES Token,FOXSHARE,FOXSHARES Token,0xe7A102Fbc8AB3581d62830DdB599eCCaae5e7875,0x510c4d8ECB31d2f7f258728B65bB388023b2001c,0x2aacC7a12Ad40d3d16a5259f25C26d80a0F8Fe4C,Tue Mar  8 01:11:18 2022,0.0,0.0,0
WAVAX,WAVAX,ASND,ASCEND,0xB31f66AA3C1e785363F0875A1B74E27b85FD66c7,0x8f9b9e5C21e173E3e07de3941daDA38EE2F6f6A1,0x0b7654E3dcF75b961A9450ff35F635844f8B5c94,Tue Mar  8 01:11:22 2022,0.0,0.0,0
WAVAX,WAVAX,ZAPD,Thunder Dapp,0xB31f66AA3C1e785363F0875A1B74E27b85FD66c7,0x5d9E6655d103E8041168b502DC3B1eb6b98743c0,0xCD90dF06bEbB117c2757306Bde8CB3B13001A437,Tue Mar  8 16:34:02 2022,165.557309,1000.0,0
WAVAX,WAVAX,CORE,Core Nodes,0xB31f66AA3C1e785363F0875A1B74E27b85FD66c7,0x2f398A6CFe8746A413c9E4dc7Ae7DF1394BcC3eE,0x035596C698b0a128508Fa7F23b95117792fEc0b7,Tue Mar 8 16:41:09 2022,73.0,1000001.0,0
WAVAX,WAVAX,FTM,Crypto Fantom,0xB31f66AA3C1e785363F0875A1B74E27b85FD66c7,0x13b785fC329F83F85e9Ad2968425FFa8c78D8a5E,0x09295ae96C0ECB934e888b602731eB1b3eF26d3D,Tue Mar  8 17:33:17 2022,168.8309461,400.0,0
WAVAX,WAVAX,MEAD,Mead,0xB31f66AA3C1e785363F0875A1B74E27b85FD66c7,0x538D9b4a5109a226d4642D6471E59A786c2328bf,0x54228c551A67a17c5679f73a89104dC0f968aaFe,Tue Mar  8 17:42:27 2022,100.0,1000000000.0,0
WAVAX,WAVAX,TND,Baby Thunder,0xB31f66AA3C1e785363F0875A1B74E27b85FD66c7,0x9565Da78E5Dd251C4d65b760DE823787eeC64e0D,0x05e4396E0870d4DE078E26ba0405Bbbe15c06Fa3,Tue Mar  8 18:33:55 2022,168.2824534,90000.0,0
WAVAX,WAVAX,INFI,InfiniteNodes,0xB31f66AA3C1e785363F0875A1B74E27b85FD66c7,0x747f4Ff37b6FE3B4C4216D82552Ae0d900986E56,0x3a79681CE1C93CAaa5c34390b04d3FC09d4e7d29,Wed Mar  9 09:22:35 2022,0.0,0.0,0
WAVAX,WAVAX,GSHARE,GSHARE,0xB31f66AA3C1e785363F0875A1B74E27b85FD66c7,0x5853C51ED3Bd8818F234A0783A82fDe7D65A34bd,0xa21DBEc3A247a723993Ff3FeC8FaE8b063053fcB,Wed Mar  9 09:53:17 2022,0.0,0.0,0
WAVAX,WAVAX,ZAP,Mini Thunder,0xB31f66AA3C1e785363F0875A1B74E27b85FD66c7,0x8ab082b3DE0318d24A606e78ECCaD63cb6060A79,0x7c52BA385D40689D06FeaFb13a81F0bDa9d10f4C,Wed Mar  9 10:03:21 2022,786.4277348376096,100000.0,0
WAVAX,WAVAX,PINU,PeterInu,0xB31f66AA3C1e785363F0875A1B74E27b85FD66c7,0x70bFF5e2F593cc4752d3eb20A3160327E0091493,0x67A93437975C2B06Ed8ae21F0eBe8e9773d9885f,Wed Mar  9 10:34:10 2022,0.0,0.0,0
WAVAX,WAVAX,CHIMP,Chimp Starter,0xB31f66AA3C1e785363F0875A1B74E27b85FD66c7,0xC7306629002Dd429361EFCbcc31618BFf42A23b6,0x40ADc400FF4a2C2BE5c144ff8B1Ab68AA8F6A316,Wed Mar  9 16:03:47 2022,781.2938699515522,800000.0,0
WAVAX,WAVAX,AKITA,Meta Akita,0xB31f66AA3C1e785363F0875A1B74E27b85FD66c7,0x1B4E273D7CA6749872797b3670E6343b4E6Ab071,0x7a665fF1eC9A1CeabCF47C584d23cE2c57a29f1E,Wed Mar  9 17:00:48 2022,780.8832329196306,7000000.0,0
WAVAX,WAVAX,DIAMOND,DiamondSlayer,0xB31f66AA3C1e785363F0875A1B74E27b85FD66c7,0xb8aa3dc028bA9c51820AEe94Dbc9cAF8Fc8aBA77,0x5FD3FC6420B6fC3d6A91c5155E9D8979415674cc,Wed Mar  9 17:11:26 2022,35.0,1000000000000.0,0
TESTXX,TESTXX,ASND_test,Ascend_test,0x6b5578C5e5fF1F04561C4e2C31b11D7E2f4C9A87,0x0B81d760FD8CB86200a1F25B9F4E5EC2420f4272,0xA27626AFd2E1632C32B7FE40E020ae885402a00B,Wed Mar  9 17:27:11 2022,5000000.0,5000000.0,0
WAVAX,WAVAX,DIAMONDS,DiamondSlayer,0xB31f66AA3C1e785363F0875A1B74E27b85FD66c7,0x4A541dc23D2c04147F1922f2952805e05BeaaB77,0x81B57f9479972747ea590832b455Da670DeFE39f,Wed Mar  9 17:34:53 2022,39.0,1000000000000.0,0
WAVAX,WAVAX,$PAVAX,PanthaAvax,0xB31f66AA3C1e785363F0875A1B74E27b85FD66c7,0x8D61c00C7fe0B382fFCA6667Ccf30448f3cb11d8,0x810b674355401a9101395Ca7CE2d347Eb9Badb0D,Wed Mar  9 17:50:51 2022,0.0,0.0,0
WAVAX,WAVAX,ELON,Elon Protocol,0xB31f66AA3C1e785363F0875A1B74E27b85FD66c7,0xd6435457BbB2bb6248a02dc74d5c22a1d13aAe77,0x586B8db5FAefeAc864f566704eC43EE8e04A5489,Wed Mar  9 18:02:50 2022,783.4294604771277,200000.0,0
WAVAX,WAVAX,HEAD,HEAD Token,0xB31f66AA3C1e785363F0875A1B74E27b85FD66c7,0xF38DeDE21dA8aAf01e82Cb63e2883B836B30c101,0x945c305d748BCDe56d974D4E59b31fAd4E422Ec2,Wed Mar  9 19:03:23 2022,0.0,0.0,0
WAVAX,WAVAX,PDA,Panda Cash,0xB31f66AA3C1e785363F0875A1B74E27b85FD66c7,0x65108e46f03AB307B242FA947CD4FD6E3bf02C98,0x073559564277C8e7ECa5BB06B53f58794609d696,Wed Mar  9 19:03:38 2022,782.2948365976624,5000.0,0
WAVAX,WAVAX,RIBS,RIBS Token,0xB31f66AA3C1e785363F0875A1B74E27b85FD66c7,0x4Aa9c43c165Abf717C3B652EEEEaD971a905188A,0x875d30765f8d9e4268A42CE45266a6E997Cb43Dc,Wed Mar  9 19:09:59 2022,0.0,0.0,0
WAVAX,WAVAX,APL,Project Pineapple,0xB31f66AA3C1e785363F0875A1B74E27b85FD66c7,0x87D0B9b95Adc077987DC40D81C1E834A6c7d7554,0xe9ef5A433eB36e970940f0aa30C68Fb1870b4F03,Wed Mar  9 20:03:21 2022,781.1267827106129,30000.0,0
WAVAX,WAVAX,REF,Reflection Token,0xB31f66AA3C1e785363F0875A1B74E27b85FD66c7,0xd6F7eCF949c36176952D47096d83E8f6993b88F6,0xC2d99574F14c06095b855A4FAA330cB46c8B96bB,Wed Mar  9 20:14:23 2022,0.0,0.0,0
WAVAX,WAVAX,GOLD,Avax Gold,0xB31f66AA3C1e785363F0875A1B74E27b85FD66c7,0x9137167FeE28D46982a1E7aC0C33ac578F637D39,0x13b570d04cC0594Dd23112E0B1DbF00414df29A7,Wed Mar  9 20:20:42 2022,200.0,0.008,0
WAVAX,WAVAX,LUNA,LUNA NODES,0xB31f66AA3C1e785363F0875A1B74E27b85FD66c7,0x9678f9DF8eE97Aa125a21240F31A82a0621cF93b,0xA7a393B3a18f7Ac9de22Cd0F2b1562e4e0C45266,Wed Mar  9 20:36:09 2022,120.0,6e-14,0
WAVAX,WAVAX,GLTI,Glitch Infinity,0xB31f66AA3C1e785363F0875A1B74E27b85FD66c7,0x7C5dADaF63113cC40454119d0e5400630b25dd97,0x7d67ecbb20141acb1ADCD2A124ef68FDBbCeDDC9,Wed Mar  9 21:00:47 2022,783.9063532131405,500.0,0
WAVAX,WAVAX,OXG,Oxygen Finance,0xB31f66AA3C1e785363F0875A1B74E27b85FD66c7,0xaBe1B90EA53fA8a0FbF5fD8519d1aC919385bc7D,0x8401517A7638748Ed2DC4781A3EaD48Da7881C74,Wed Mar  9 21:56:29 2022,0.0,0.0,0
WAVAX,WAVAX,$GREASE,$GREASE,0xB31f66AA3C1e785363F0875A1B74E27b85FD66c7,0x96d58F4646e988c236A4d2Bf57A0468E16E2DDFc,0x7AdB5F584f81a6e67AD55f23fbfA634Ab66A233e,Wed Mar  9 22:54:54 2022,1119.0,50000000.0,1
WAVAX,WAVAX,PSBA,Project Shiba,0xB31f66AA3C1e785363F0875A1B74E27b85FD66c7,0xF5503a5fD60e997562859306e89a6EBbe9a2c38c,0xabd74F0C53aa2aA171C53138B3093A590B645F82,Wed Mar  9 23:03:46 2022,781.950455913839,60000.0,0
WAVAX,WAVAX,MOON,Moon Swap,0xB31f66AA3C1e785363F0875A1B74E27b85FD66c7,0x8a7488226194Ff17042138C2627c95e8FB9cb176,0x7390CCec8A040d1b49e145052ad811dcf6A289B3,Thu Mar 10 00:01:38 2022,781.2257778884195,900.0,0
WAVAX,WAVAX,eANTG,Queenavalant,0xB31f66AA3C1e785363F0875A1B74E27b85FD66c7,0x9B44eE5e40fa232A2c139f6a9adf75CD419e41eF,0xa28657b40f2eD4008EbdfFAF9c8dEFEFe78Fcea0,Thu Mar 10 11:12:29 2022,38.0,1000000000.0,1
WAVAX,WAVAX,$Werewolf,Werewolf,0xB31f66AA3C1e785363F0875A1B74E27b85FD66c7,0x11aBbc60C4E471f3B55babb4Dc0b456ade0c1306,0x7E688a513835579a5b34a98455C0C661A5CcA2D4,Thu Mar 10 11:33:45 2022,0.0,0.0,0
WAVAX,WAVAX,PRMD,Pyramid,0xB31f66AA3C1e785363F0875A1B74E27b85FD66c7,0x9a4BB3696e4F49e9a4f9Be83C1c4e0Acf2F49206,0x8E5041154fDFF9EC3347e21322831e1cBf122B5c,Thu Mar 10 11:41:08 2022,0.0,0.0,0
WAVAX,WAVAX,CTHN,Crypto Thunder,0xB31f66AA3C1e785363F0875A1B74E27b85FD66c7,0x30B77348CcCE87B3113Cf21D876FEf9Ab28c5526,0xa863879234e595253b68F919ad742c4514C35c4c,Thu Mar 10 12:01:41 2022,779.9006085973318,800.0,0
WAVAX,WAVAX,GUNS,Gun Games,0xB31f66AA3C1e785363F0875A1B74E27b85FD66c7,0xb4411B6C04DE597802680f3ea82119FAEe20a920,0xe8F10C01a88840688Ac1585226B0ecf6c5cD6b0b,Thu Mar 10 12:28:31 2022,100.0,0.01,0
WAVAX,WAVAX,MP,Medic Printer,0xB31f66AA3C1e785363F0875A1B74E27b85FD66c7,0x0A40bad2E68b49E009D624B7D5E9cb488954c316,0xe65Fa3C1a29026eb36f8AA77C265C1A6C182A27a,Thu Mar 10 12:50:22 2022,100.0,1000000000.0,0
WAVAX,WAVAX,CHIK,Hachi King,0xB31f66AA3C1e785363F0875A1B74E27b85FD66c7,0x9AA07E11139A6fb6D92113b71D5dc7Bf80399f02,0xb28241280a157A17cc5121216E39439AAd3370f4,Thu Mar 10 13:03:26 2022,779.7686788208871,800.0,0
WAVAX,WAVAX,BTCH,BEETCHDOTFARM,0xB31f66AA3C1e785363F0875A1B74E27b85FD66c7,0xE5B2a282198Ff9B4383766492A284AB5D6ee8E73,0xCb878C6d906567Ed40bBc99978EE072325F0A777,Thu Mar 10 13:48:49 2022,138.31,100000.0,0
WAVAX,WAVAX,CHI,Chimp Farm,0xB31f66AA3C1e785363F0875A1B74E27b85FD66c7,0x100D8E04784b81f0F9F8076f90d79AD8872A40C1,0xb6DDb4fCf3881d027B2145d57b09181208E3FD0C,Thu Mar 10 14:00:54 2022,778.6362362819458,80000.0,0
WAVAX,WAVAX,GLD,Gold Protocol,0xB31f66AA3C1e785363F0875A1B74E27b85FD66c7,0xfEE44BB04bC969e1dFf7cb8F895d02CE9F8253B1,0x48f68B500bbe4E40ff7f94D32d85Ea12C55E1b1E,Thu Mar 10 15:01:09 2022,780.9298176295652,80000.0,0
WAVAX,WAVAX,test,test,0xB31f66AA3C1e785363F0875A1B74E27b85FD66c7,0x4E8962370F629e21F3cc38f5064C9F3Ab9e4ffC3,0x2d8E1489852df06896D8B0F526E56Bca338A6Fbe,Thu Mar 10 15:10:21 2022,0.0,0.0,0
WAVAX,WAVAX,WGS,WGS Brazil,0xB31f66AA3C1e785363F0875A1B74E27b85FD66c7,0x5457EB47Ab37ef3c42f1FFBCCbc974e9fe425c68,0x3B977dC9B7a887A22Db965133ac08952C482D4d2,Thu Mar 10 15:31:56 2022,0.0,0.0,0
WAVAX,WAVAX,BLOOD,blood.finance,0xB31f66AA3C1e785363F0875A1B74E27b85FD66c7,0x35e11819b8B19fdB1770Fb130c10c8D2fda01753,0x90cC18d4f1A44910067E62aaC3F0C7Ed4ED03687,Thu Mar 10 15:52:15 2022,293.0,2676.124125736873,0
WAVAX,WAVAX,INK,INK,0xB31f66AA3C1e785363F0875A1B74E27b85FD66c7,0x32975907733f93305BE28E2bfd123666b7A9c863,0x960A262DE5aC9545391503C133Bf1b069614a01F,Thu Mar 10 16:10:25 2022,0.0,0.0,0
WAVAX,WAVAX,BAKT,Baby Akita,0xB31f66AA3C1e785363F0875A1B74E27b85FD66c7,0x9A6208e5aC1163a2BDA6381a9B1Eb6a375695c4E,0x7519529011F8028fE5c8806596036457645Ef0DA,Thu Mar 10 17:00:05 2022,787.2829771639047,4000000.0,0
WAVAX,WAVAX,PRESALE_TEST,presale_test,0xB31f66AA3C1e785363F0875A1B74E27b85FD66c7,0x01Ee36Cc49dfB3861E29b05dc51D6858cE37d4BC,0x6b816434FcC757A1356923Ca49EAe20F145CBD94,Thu Mar 10 17:16:23 2022,0.0,0.0,0
WAVAX,WAVAX,CASH,Avax Cash,0xB31f66AA3C1e785363F0875A1B74E27b85FD66c7,0x8d9882988F02318D1C801183B209CA3e8427A2e6,0xa478931A3D7C89DD32AFcb53e8a8409A403D5B58,Thu Mar 10 18:45:32 2022,500.0,5e-05,0
WAVAX,WAVAX,TST,Test,0xB31f66AA3C1e785363F0875A1B74E27b85FD66c7,0x269b76BbcA4c5ba5b81A2b3e1BCb72226A4d2962,0xbB706c4e0a725C7Fa56CBB978ebc50D21E42c2A5,Thu Mar 10 19:04:37 2022,0.0,0.0,0
WAVAX,WAVAX,CORGI,Zen Corgi,0xB31f66AA3C1e785363F0875A1B74E27b85FD66c7,0x3aa5e6C7Cf7284F9E1C0A0eb9074a06e9486fD1F,0x0520CFd33C4EFd1db96fc7E57472a4F8a15441F5,Thu Mar 10 20:01:26 2022,787.7543819035183,200.0,0
WAVAX,WAVAX,TOF,The Option Fund,0xB31f66AA3C1e785363F0875A1B74E27b85FD66c7,0x5a8FE7175BA6d201104d8f996787596425ad1d82,0x8c4C532383D03AacAF7d826De48FA6012d81aA84,Thu Mar 10 20:27:07 2022,25.0,0.001,0
WAVAX,WAVAX,STRONG,StrongHold Nodes,0xB31f66AA3C1e785363F0875A1B74E27b85FD66c7,0x805302FEa76B8F1559A5Fd9C7056F7B0B0D1265f,0xCd88271D1bCEC475b8486AA461e44B5b08c8D510,Thu Mar 10 22:13:34 2022,180.0,1e-13,0
WAVAX,WAVAX,JET,F15 Jets,0xB31f66AA3C1e785363F0875A1B74E27b85FD66c7,0xcBA91bB2c31f38525fE5b3A666ef443a0a9483Ca,0x687B26366f9393d54d413703c1646F1c53B21b30,Thu Mar 10 22:47:10 2022,400.0,0.0004,0
WAVAX,WAVAX,Splash,Splash Token,0xB31f66AA3C1e785363F0875A1B74E27b85FD66c7,0xe84bD7E8d14f5795178Ea2741C3F680813343ad5,0x97d24986c9Eb9a7e1CA6a97926DAF259FA8B73A0,Thu Mar 10 22:58:26 2022,10.0,49.5,0
WAVAX,WAVAX,STR,Star Classic,0xB31f66AA3C1e785363F0875A1B74E27b85FD66c7,0xcfd8Db6C61A3b9dDE3936C9C3AeB01B99991Bfb6,0x35008e8B4Fd8F3187c1605cf2c02c755f440549A,Thu Mar 10 23:01:08 2022,789.2079968076661,400000.0,0
WAVAX,WAVAX,PINI,Pineapple Infinity,0xB31f66AA3C1e785363F0875A1B74E27b85FD66c7,0x9863Bb53308796b77e05Fd2F443f64664eb4f138,0xd586dBB38DA1a064c1668ad92245d0120151E023,Fri Mar 11 00:01:34 2022,789.0010277724201,4000000.0,0
WAVAX,WAVAX,AngelNode,Angel Node,0xB31f66AA3C1e785363F0875A1B74E27b85FD66c7,0x05Af3A9ea35C411fE76574586EdB5FdB4e439593,0xF3D3CbA51a15b40739f0DeE814951A147c1dAD1e,Fri Mar 11 00:04:01 2022,7.0,2000000.0,1
WAVAX,WAVAX,BDMD,Black Diamonds,0xB31f66AA3C1e785363F0875A1B74E27b85FD66c7,0xdCA798fDF19e8c0FF32059e758ED64853Ab84e6c,0x6bC587f350e649a44126379E2Ef70D500b7A2dDF,Fri Mar 11 00:08:46 2022,150.0,0.0005,0
WAVAX,WAVAX,SKULLZ,Mad Skullz NFT & Gaming,0xB31f66AA3C1e785363F0875A1B74E27b85FD66c7,0x46624D1686bA349f67fcEDa35509fF2c6B4cddBA,0xe05d390Ca8a57bdc4bfD6905cC428b45022f9672,Fri Mar 11 00:13:22 2022,250.0,0.00025,0
WAVAX,WAVAX,DOG,Super Doge,0xB31f66AA3C1e785363F0875A1B74E27b85FD66c7,0x141f378FC0E1FB4b7F14C6D6f879F76302158151,0x967A717a77463eb4a25Fd7CEFc6E75215Dc47ff8,Fri Mar 11 01:00:15 2022,789.6537731535931,100000.0,0
WAVAX,WAVAX,NEWO,New Order,0xB31f66AA3C1e785363F0875A1B74E27b85FD66c7,0x4Bfc90322dD638F81F034517359BD447f8E0235a,0x3931589c6C078524d1FA88E4d86D2F1aC9fEd56d,Sun Mar 13 12:55:47 2022,4000,3733333,1
WAVAX,WAVAX,LFKI,Little Floki,0xB31f66AA3C1e785363F0875A1B74E27b85FD66c7,0x851BeBC285fE7dc5ccD0772FF787017537A51f15,0xdF328C51D87c545968B7e2Ec41484C161ED26f80,Sun Mar 13 13:42:38 2022,811.30395228095461872,10000,0
WAVAX,WAVAX,CLONEX,ClonexNode,0xB31f66AA3C1e785363F0875A1B74E27b85FD66c7,0x84De6F76ba88A1BDfE57BBEd51f9b0270CCdFCc5,0xc5cd632f63d2B26578d36e0dC58E096308aCeAAd,Sun Mar 13 13:55:56 2022,6.9,85,1
WAVAX,WAVAX,SCAT,SnowCat,0xB31f66AA3C1e785363F0875A1B74E27b85FD66c7,0x2Cd13c30d116F4cED2FA0899cA96082E29bf008F,0xdf024e09877C7f950521a020abB210eC7AE4530e,Sun Mar 13 14:46:03 2022,0,0,0
WAVAX,WAVAX,wxSCAT,Wrapped xSCAT,0xB31f66AA3C1e785363F0875A1B74E27b85FD66c7,0xc659baec3f766470201AfD52c54924246ec60107,0x1AE5aD87259AE7a5D9323927cbd05659e3e47EbA,Sun Mar 13 15:00:48 2022,0,0,0
wxSCAT,wxSCAT,DAI,Dai Stablecoin,0xc659baec3f766470201AfD52c54924246ec60107,0xbA7dEebBFC5fA1100Fb055a87773e1E99Cd3507a,0x1E655947BA7eC83799C2851264Bb92Cc04736EA4,Sun Mar 13 15:01:08 2022,0,0,0
WAVAX,WAVAX,STAR,Safe Star,0xB31f66AA3C1e785363F0875A1B74E27b85FD66c7,0x5FBEAE40DcF302368d2A89F5eDF88eff4886DdD5,0xA24dF5e1F089EfeF43DDEca0A56C2EED3983F610,Sun Mar 13 15:42:40 2022,807.699568571256779904,20000,0
WAVAX,WAVAX,KAIRU,KAIRU TOKEN,0xB31f66AA3C1e785363F0875A1B74E27b85FD66c7,0x97CF77BE99EAd6339300C52b3720bfc3578354f5,0x5D1099F86fDa1D18Eea35c15C3289DD1336deBD5,Sun Mar 13 15:50:24 2022,150,10000001,0
WAVAX,WAVAX,KSTR,King Star,0xB31f66AA3C1e785363F0875A1B74E27b85FD66c7,0x6810d9443A2a73601dE550fCB4F79954Ff23850e,0x47745eA427D92a05F6E7087ad44bA3CE38b5F42c,Sun Mar 13 16:40:15 2022,806.880597804618884655,20,0
COCAINE,COCAINE,DIESEL,Diesel,0xb38555bf1C1e820737E6D63b1103db8f3B9B8a02,0x1DdAd9F3b9fc7431DD5dC18af1Cc59934F71c01C,0x2e493F3Bf7952F9760f0C73354538940b90a01b7,Sun Mar 13 16:45:23 2022,700000,3500,0
USDC,USDC,ZOO,ZOO ECOSYSTEM,0xB97EF9Ef8734C71904D8002F8b6Bc66Dd9c48a6E,0x4C12c11D3c47006fAAAF913bC7AceDDD94175064,0xA917Ec437A88DCa62Cd6F87AdB988aAB9FC92cD7,Sun Mar 13 17:05:47 2022,0,0,0
WAVAX,WAVAX,COCAINE,Cocaine,0xB31f66AA3C1e785363F0875A1B74E27b85FD66c7,0xb38555bf1C1e820737E6D63b1103db8f3B9B8a02,0x75dFfd32a228CF384302EFb8A502B77d95aB7D38,Sun Mar 13 17:30:17 2022,139.375005990954671263,1131311.521453474406604858,1
WAVAX,WAVAX,LT,LastTest,0xB31f66AA3C1e785363F0875A1B74E27b85FD66c7,0xBB6Da54e37f21F5Bcf68189cB56bA48A23f387F4,0x06f5418623974A31472284616e5a05a5E097A3fb,Sun Mar 13 17:37:06 2022,0,0,0
WAVAX,WAVAX,DMTR,Demeter,0xB31f66AA3C1e785363F0875A1B74E27b85FD66c7,0x536F523911E49BCb7a774C3C32E4759A54a8298D,0x4E5478348AdcB526313E2382a2e04f8ed0e04D4f,Sun Mar 13 18:13:41 2022,0,0,0
WAVAX,WAVAX,GEM,GEM NODES,0xB31f66AA3C1e785363F0875A1B74E27b85FD66c7,0xb63Af57136459CF016B54cCe5702c3dFaF297660,0x720Ca249aeb43330e9c181ea8B06f11CDA6Da29a,Sun Mar 13 18:33:57 2022,150,1E-14,0
WAVAX,WAVAX,ERR,ERR,0xB31f66AA3C1e785363F0875A1B74E27b85FD66c7,0xd931b5daF2A1D274344b28B4ae9D6eE9745DB87A,0x9B085C26dF705D09Bf6B5A909e0932C3F0094610,Sun Mar 13 18:46:20 2022,0,0,0
WAVAX,WAVAX,,,0xB31f66AA3C1e785363F0875A1B74E27b85FD66c7,0x31Ecc1A0C00399239D9217432cBc6B74e91A2e14,0x2a139BEc0001a1Ab9633B9c035B6236e31187fE6,Sun Mar 13 19:07:36 2022,0,0,0
WAVAX,WAVAX,LYRAN,LYRAN PROTOCOL,0xB31f66AA3C1e785363F0875A1B74E27b85FD66c7,0x55AE921C082b65BD8c9266dcA4CD705e9b41121a,0xb72E919417B695a19d7fF850329c9FFeF4FcdC0D,Sun Mar 13 19:35:06 2022,7,85,0
WAVAX,WAVAX,SSBA,Sushi Shiba,0xB31f66AA3C1e785363F0875A1B74E27b85FD66c7,0xEE4D163D647A7Fe40088fc39d56f0d94e1975766,0x917AF36AA2E9dEc44c142B1b12cc8dA4D1CB09c3,Sun Mar 13 19:43:32 2022,803.121338125876978537,700,0
WAVAX,WAVAX,PARA,XPower,0xB31f66AA3C1e785363F0875A1B74E27b85FD66c7,0xbB8B956520CAA6B8cd71c24cd4b515aD31937A90,0x7889cc0a82F93882fEEe97caFa8891b9Da42df89,Sun Mar 13 19:44:11 2022,0,0,0
